Length,FlankingRegion,A,T,C,G
4,leftFirst,409,251,148,194
4,rightFirst,461,207,133,201
4,leftSecond,460,202,158,182
4,rightSecond,431,259,135,176
5,leftFirst,397,223,156,154
5,rightFirst,417,247,111,158
5,leftSecond,419,212,142,160
5,rightSecond,403,242,129,159
6,leftFirst,364,231,128,135
6,rightFirst,371,240,115,135
6,leftSecond,395,197,130,139
6,rightSecond,317,252,138,152
7,leftFirst,313,221,119,151
7,rightFirst,345,208,100,154
7,leftSecond,357,193,144,113
7,rightSecond,323,233,117,134
8,leftFirst,334,197,128,136
8,rightFirst,320,205,101,169
8,leftSecond,369,168,142,116
8,rightSecond,327,223,103,142
9,leftFirst,345,191,122,155
9,rightFirst,319,225,121,154
9,leftSecond,336,177,156,150
9,rightSecond,298,219,141,160
10,leftFirst,301,192,128,135
10,rightFirst,308,219,102,127
10,leftSecond,311,197,119,129
10,rightSecond,300,225,104,127
11,leftFirst,265,158,122,136
11,rightFirst,271,187,104,125
11,leftSecond,273,163,124,127
11,rightSecond,257,185,125,117
12,leftFirst,288,210,115,122
12,rightFirst,289,211,90,145
12,leftSecond,299,197,115,124
12,rightSecond,290,210,103,129
13,leftFirst,269,193,136,110
13,rightFirst,273,209,97,132
13,leftSecond,320,162,104,125
13,rightSecond,292,214,83,120
14,leftFirst,317,189,117,157
14,rightFirst,282,244,117,137
14,leftSecond,310,179,136,155
14,rightSecond,323,193,111,153
15,leftFirst,298,173,104,112
15,rightFirst,260,215,106,109
15,leftSecond,277,173,113,127
15,rightSecond,282,190,93,125
16,leftFirst,268,168,120,104
16,rightFirst,261,184,91,124
16,leftSecond,236,186,120,118
16,rightSecond,254,168,113,123
17,leftFirst,272,189,107,149
17,rightFirst,273,230,101,119
17,leftSecond,302,169,123,129
17,rightSecond,285,204,114,120
18,leftFirst,318,221,109,129
18,rightFirst,314,202,115,149
18,leftSecond,340,197,110,133
18,rightSecond,313,196,132,134
19,leftFirst,258,151,80,105
19,rightFirst,232,169,88,108
19,leftSecond,239,163,96,99
19,rightSecond,251,155,80,110
20,leftFirst,318,186,119,118
20,rightFirst,264,242,100,135
20,leftSecond,272,196,149,124
20,rightSecond,277,213,110,138
21,leftFirst,202,139,104,116
21,rightFirst,240,137,85,99
21,leftSecond,247,132,95,87
21,rightSecond,221,149,87,104
22,leftFirst,279,154,101,126
22,rightFirst,258,188,100,114
22,leftSecond,276,149,125,110
22,rightSecond,243,187,99,131
23,leftFirst,273,159,89,133
23,rightFirst,250,191,90,126
23,leftSecond,277,164,107,109
23,rightSecond,264,184,96,113
24,leftFirst,262,159,97,118
24,rightFirst,224,204,87,121
24,leftSecond,236,165,131,104
24,rightSecond,253,180,88,114
25,leftFirst,247,162,104,108
25,rightFirst,212,199,100,113
25,leftSecond,260,164,109,91
25,rightSecond,258,176,75,115
26,leftFirst,228,174,94,113
26,rightFirst,235,173,94,107
26,leftSecond,241,153,100,115
26,rightSecond,225,185,93,106
27,leftFirst,240,154,93,122
27,rightFirst,251,163,79,116
27,leftSecond,238,157,109,105
27,rightSecond,228,186,83,109
28,leftFirst,263,161,102,122
28,rightFirst,231,196,107,114
28,leftSecond,250,164,139,95
28,rightSecond,231,198,101,116
29,leftFirst,208,150,93,95
29,rightFirst,202,163,71,110
29,leftSecond,192,150,113,91
29,rightSecond,192,161,100,93
30,leftFirst,220,181,89,101
30,rightFirst,195,191,103,102
30,leftSecond,205,169,117,100
30,rightSecond,225,177,89,100
